timestamp,server_name,os,business_service,site,cpu_usage,memory_usage,disk_usage,latency_ms,uptime_days,patch_age_days,status
2026-05-31 00:00:00,SRV-AIX-01,AIX,Core Banking Ops,Atlanta DC-1,97,39,38,181,409,115,Critical
2026-05-31 00:00:00,SRV-AIX-02,AIX,Mainframe Integration,Atlanta DC-1,92,87,44,98,317,26,Critical
2026-05-31 00:00:00,SRV-LNX-01,Linux,Monitoring,Atlanta DC-1,63,56,58,118,33,98,Warning
2026-05-31 00:00:00,SRV-LNX-02,Linux,API Gateway,Atlanta DC-1,69,49,39,112,202,14,Healthy
2026-05-31 00:00:00,SRV-LNX-03,Linux,Log Aggregation,Atlanta DC-2,23,44,68,20,403,59,Healthy
2026-05-31 00:00:00,SRV-WIN-01,Windows,Active Directory,Atlanta DC-1,52,88,83,61,325,25,Warning
2026-05-31 00:00:00,SRV-WIN-02,Windows,File Services,Atlanta DC-2,96,36,35,107,224,36,Critical
2026-05-31 00:00:00,SRV-WIN-03,Windows,Patch Management,Atlanta DC-2,47,45,52,49,389,120,Warning
2026-05-31 01:00:00,SRV-AIX-01,AIX,Core Banking Ops,Atlanta DC-1,61,60,64,35,266,49,Healthy
2026-05-31 01:00:00,SRV-AIX-02,AIX,Mainframe Integration,Atlanta DC-1,35,62,44,113,58,30,Healthy
2026-05-31 01:00:00,SRV-LNX-01,Linux,Monitoring,Atlanta DC-1,91,47,43,167,397,41,Critical
2026-05-31 01:00:00,SRV-LNX-02,Linux,API Gateway,Atlanta DC-1,31,47,71,48,101,32,Healthy
2026-05-31 01:00:00,SRV-LNX-03,Linux,Log Aggregation,Atlanta DC-2,65,38,57,66,215,29,Healthy
2026-05-31 01:00:00,SRV-WIN-01,Windows,Active Directory,Atlanta DC-1,26,27,85,95,111,102,Warning
2026-05-31 01:00:00,SRV-WIN-02,Windows,File Services,Atlanta DC-2,61,26,68,82,158,71,Healthy
2026-05-31 01:00:00,SRV-WIN-03,Windows,Patch Management,Atlanta DC-2,73,65,73,111,166,99,Warning
2026-05-31 02:00:00,SRV-AIX-01,AIX,Core Banking Ops,Atlanta DC-1,59,40,95,79,420,23,Critical
2026-05-31 02:00:00,SRV-AIX-02,AIX,Mainframe Integration,Atlanta DC-1,50,77,83,92,131,20,Healthy
2026-05-31 02:00:00,SRV-LNX-01,Linux,Monitoring,Atlanta DC-1,41,56,63,91,195,63,Healthy
2026-05-31 02:00:00,SRV-LNX-02,Linux,API Gateway,Atlanta DC-1,91,78,81,102,153,113,Critical
2026-05-31 02:00:00,SRV-LNX-03,Linux,Log Aggregation,Atlanta DC-2,54,27,99,113,94,17,Critical
2026-05-31 02:00:00,SRV-WIN-01,Windows,Active Directory,Atlanta DC-1,60,57,63,69,138,119,Warning
2026-05-31 02:00:00,SRV-WIN-02,Windows,File Services,Atlanta DC-2,52,66,49,100,362,48,Healthy
2026-05-31 02:00:00,SRV-WIN-03,Windows,Patch Management,Atlanta DC-2,46,50,91,90,313,30,Warning
2026-05-31 03:00:00,SRV-AIX-01,AIX,Core Banking Ops,Atlanta DC-1,55,26,33,19,199,10,Healthy
2026-05-31 03:00:00,SRV-AIX-02,AIX,Mainframe Integration,Atlanta DC-1,50,64,64,88,325,61,Healthy
2026-05-31 03:00:00,SRV-LNX-01,Linux,Monitoring,Atlanta DC-1,33,73,36,70,211,55,Healthy
2026-05-31 03:00:00,SRV-LNX-02,Linux,API Gateway,Atlanta DC-1,44,94,71,66,402,44,Critical
2026-05-31 03:00:00,SRV-LNX-03,Linux,Log Aggregation,Atlanta DC-2,69,37,64,69,123,36,Healthy
2026-05-31 03:00:00,SRV-WIN-01,Windows,Active Directory,Atlanta DC-1,47,26,85,27,55,84,Warning
2026-05-31 03:00:00,SRV-WIN-02,Windows,File Services,Atlanta DC-2,52,27,84,67,278,62,Healthy
2026-05-31 03:00:00,SRV-WIN-03,Windows,Patch Management,Atlanta DC-2,31,25,30,48,262,37,Healthy
2026-05-31 04:00:00,SRV-AIX-01,AIX,Core Banking Ops,Atlanta DC-1,45,68,65,77,109,25,Healthy
2026-05-31 04:00:00,SRV-AIX-02,AIX,Mainframe Integration,Atlanta DC-1,36,25,96,22,55,75,Critical
2026-05-31 04:00:00,SRV-LNX-01,Linux,Monitoring,Atlanta DC-1,48,76,33,25,125,9,Healthy
2026-05-31 04:00:00,SRV-LNX-02,Linux,API Gateway,Atlanta DC-1,99,37,86,169,334,6,Critical
2026-05-31 04:00:00,SRV-LNX-03,Linux,Log Aggregation,Atlanta DC-2,96,59,50,121,372,92,Critical
2026-05-31 04:00:00,SRV-WIN-01,Windows,Active Directory,Atlanta DC-1,38,47,71,55,414,120,Warning
2026-05-31 04:00:00,SRV-WIN-02,Windows,File Services,Atlanta DC-2,95,58,34,159,165,17,Critical
2026-05-31 04:00:00,SRV-WIN-03,Windows,Patch Management,Atlanta DC-2,40,78,48,84,390,39,Healthy
2026-05-31 05:00:00,SRV-AIX-01,AIX,Core Banking Ops,Atlanta DC-1,57,73,30,85,183,120,Warning
2026-05-31 05:00:00,SRV-AIX-02,AIX,Mainframe Integration,Atlanta DC-1,88,38,36,34,169,37,Warning
2026-05-31 05:00:00,SRV-LNX-01,Linux,Monitoring,Atlanta DC-1,56,43,70,79,280,33,Healthy
2026-05-31 05:00:00,SRV-LNX-02,Linux,API Gateway,Atlanta DC-1,75,90,83,15,200,99,Critical
2026-05-31 05:00:00,SRV-LNX-03,Linux,Log Aggregation,Atlanta DC-2,26,38,58,69,317,2,Healthy
2026-05-31 05:00:00,SRV-WIN-01,Windows,Active Directory,Atlanta DC-1,97,31,83,165,105,56,Critical
2026-05-31 05:00:00,SRV-WIN-02,Windows,File Services,Atlanta DC-2,91,72,32,121,379,32,Critical
2026-05-31 05:00:00,SRV-WIN-03,Windows,Patch Management,Atlanta DC-2,98,57,56,190,109,119,Critical
2026-05-31 06:00:00,SRV-AIX-01,AIX,Core Banking Ops,Atlanta DC-1,33,73,86,37,407,119,Warning
2026-05-31 06:00:00,SRV-AIX-02,AIX,Mainframe Integration,Atlanta DC-1,39,48,85,46,166,21,Warning
2026-05-31 06:00:00,SRV-LNX-01,Linux,Monitoring,Atlanta DC-1,68,46,84,40,265,45,Healthy
2026-05-31 06:00:00,SRV-LNX-02,Linux,API Gateway,Atlanta DC-1,37,77,31,66,198,36,Healthy
2026-05-31 06:00:00,SRV-LNX-03,Linux,Log Aggregation,Atlanta DC-2,98,39,62,163,199,4,Critical
2026-05-31 06:00:00,SRV-WIN-01,Windows,Active Directory,Atlanta DC-1,25,38,97,59,403,101,Critical
2026-05-31 06:00:00,SRV-WIN-02,Windows,File Services,Atlanta DC-2,38,54,87,47,52,91,Warning
2026-05-31 06:00:00,SRV-WIN-03,Windows,Patch Management,Atlanta DC-2,98,56,77,120,216,56,Critical
2026-05-31 07:00:00,SRV-AIX-01,AIX,Core Banking Ops,Atlanta DC-1,22,43,72,107,183,65,Healthy
2026-05-31 07:00:00,SRV-AIX-02,AIX,Mainframe Integration,Atlanta DC-1,37,42,48,39,245,86,Healthy
2026-05-31 07:00:00,SRV-LNX-01,Linux,Monitoring,Atlanta DC-1,42,33,49,15,185,37,Healthy
2026-05-31 07:00:00,SRV-LNX-02,Linux,API Gateway,Atlanta DC-1,31,59,50,71,375,28,Healthy
2026-05-31 07:00:00,SRV-LNX-03,Linux,Log Aggregation,Atlanta DC-2,50,72,72,80,369,82,Healthy
2026-05-31 07:00:00,SRV-WIN-01,Windows,Active Directory,Atlanta DC-1,57,74,45,43,131,19,Healthy
2026-05-31 07:00:00,SRV-WIN-02,Windows,File Services,Atlanta DC-2,93,61,34,175,324,25,Critical
2026-05-31 07:00:00,SRV-WIN-03,Windows,Patch Management,Atlanta DC-2,63,53,39,15,414,111,Warning
2026-05-31 08:00:00,SRV-AIX-01,AIX,Core Banking Ops,Atlanta DC-1,67,71,41,104,295,60,Healthy
2026-05-31 08:00:00,SRV-AIX-02,AIX,Mainframe Integration,Atlanta DC-1,21,76,38,100,301,72,Healthy
2026-05-31 08:00:00,SRV-LNX-01,Linux,Monitoring,Atlanta DC-1,56,70,69,79,248,107,Warning
2026-05-31 08:00:00,SRV-LNX-02,Linux,API Gateway,Atlanta DC-1,53,32,60,111,156,108,Warning
2026-05-31 08:00:00,SRV-LNX-03,Linux,Log Aggregation,Atlanta DC-2,58,71,70,71,69,92,Warning
2026-05-31 08:00:00,SRV-WIN-01,Windows,Active Directory,Atlanta DC-1,36,43,64,34,148,50,Healthy
2026-05-31 08:00:00,SRV-WIN-02,Windows,File Services,Atlanta DC-2,62,90,51,68,61,27,Critical
2026-05-31 08:00:00,SRV-WIN-03,Windows,Patch Management,Atlanta DC-2,71,71,97,76,33,46,Critical
2026-05-31 09:00:00,SRV-AIX-01,AIX,Core Banking Ops,Atlanta DC-1,37,76,83,110,406,70,Healthy
2026-05-31 09:00:00,SRV-AIX-02,AIX,Mainframe Integration,Atlanta DC-1,69,36,47,18,229,44,Healthy
2026-05-31 09:00:00,SRV-LNX-01,Linux,Monitoring,Atlanta DC-1,60,47,83,31,348,69,Healthy
2026-05-31 09:00:00,SRV-LNX-02,Linux,API Gateway,Atlanta DC-1,19,59,31,69,99,111,Warning
2026-05-31 09:00:00,SRV-LNX-03,Linux,Log Aggregation,Atlanta DC-2,47,38,43,58,419,113,Warning
2026-05-31 09:00:00,SRV-WIN-01,Windows,Active Directory,Atlanta DC-1,42,75,83,17,413,70,Healthy
2026-05-31 09:00:00,SRV-WIN-02,Windows,File Services,Atlanta DC-2,21,44,34,98,50,97,Warning
2026-05-31 09:00:00,SRV-WIN-03,Windows,Patch Management,Atlanta DC-2,19,34,69,31,272,86,Healthy
2026-05-31 10:00:00,SRV-AIX-01,AIX,Core Banking Ops,Atlanta DC-1,25,35,46,36,340,78,Healthy
2026-05-31 10:00:00,SRV-AIX-02,AIX,Mainframe Integration,Atlanta DC-1,65,71,49,18,189,74,Healthy
2026-05-31 10:00:00,SRV-LNX-01,Linux,Monitoring,Atlanta DC-1,61,46,75,90,383,107,Warning
2026-05-31 10:00:00,SRV-LNX-02,Linux,API Gateway,Atlanta DC-1,58,66,84,118,91,102,Warning
2026-05-31 10:00:00,SRV-LNX-03,Linux,Log Aggregation,Atlanta DC-2,54,44,72,79,361,44,Healthy
2026-05-31 10:00:00,SRV-WIN-01,Windows,Active Directory,Atlanta DC-1,18,74,57,96,265,91,Warning
2026-05-31 10:00:00,SRV-WIN-02,Windows,File Services,Atlanta DC-2,27,68,71,118,305,100,Warning
2026-05-31 10:00:00,SRV-WIN-03,Windows,Patch Management,Atlanta DC-2,48,74,47,46,74,36,Healthy
2026-05-31 11:00:00,SRV-AIX-01,AIX,Core Banking Ops,Atlanta DC-1,74,70,69,58,44,64,Healthy
2026-05-31 11:00:00,SRV-AIX-02,AIX,Mainframe Integration,Atlanta DC-1,72,53,81,50,335,90,Healthy
2026-05-31 11:00:00,SRV-LNX-01,Linux,Monitoring,Atlanta DC-1,74,22,42,107,238,63,Healthy
2026-05-31 11:00:00,SRV-LNX-02,Linux,API Gateway,Atlanta DC-1,53,66,75,116,38,12,Healthy
2026-05-31 11:00:00,SRV-LNX-03,Linux,Log Aggregation,Atlanta DC-2,36,66,72,75,313,68,Healthy
2026-05-31 11:00:00,SRV-WIN-01,Windows,Active Directory,Atlanta DC-1,40,69,52,49,186,33,Healthy
2026-05-31 11:00:00,SRV-WIN-02,Windows,File Services,Atlanta DC-2,32,34,77,112,383,24,Healthy
2026-05-31 11:00:00,SRV-WIN-03,Windows,Patch Management,Atlanta DC-2,30,52,67,82,335,37,Healthy
2026-05-31 12:00:00,SRV-AIX-01,AIX,Core Banking Ops,Atlanta DC-1,24,40,41,105,303,17,Healthy
2026-05-31 12:00:00,SRV-AIX-02,AIX,Mainframe Integration,Atlanta DC-1,86,57,38,111,281,14,Warning
2026-05-31 12:00:00,SRV-LNX-01,Linux,Monitoring,Atlanta DC-1,90,52,51,21,159,111,Critical
2026-05-31 12:00:00,SRV-LNX-02,Linux,API Gateway,Atlanta DC-1,87,47,66,21,107,20,Warning
2026-05-31 12:00:00,SRV-LNX-03,Linux,Log Aggregation,Atlanta DC-2,69,87,37,68,340,77,Warning
2026-05-31 12:00:00,SRV-WIN-01,Windows,Active Directory,Atlanta DC-1,68,71,58,53,331,55,Healthy
2026-05-31 12:00:00,SRV-WIN-02,Windows,File Services,Atlanta DC-2,37,25,77,112,136,81,Healthy
2026-05-31 12:00:00,SRV-WIN-03,Windows,Patch Management,Atlanta DC-2,31,27,41,35,31,53,Healthy
2026-05-31 13:00:00,SRV-AIX-01,AIX,Core Banking Ops,Atlanta DC-1,46,52,44,51,389,111,Warning
2026-05-31 13:00:00,SRV-AIX-02,AIX,Mainframe Integration,Atlanta DC-1,89,38,70,117,131,55,Warning
2026-05-31 13:00:00,SRV-LNX-01,Linux,Monitoring,Atlanta DC-1,25,63,47,24,60,22,Healthy
2026-05-31 13:00:00,SRV-LNX-02,Linux,API Gateway,Atlanta DC-1,68,69,88,30,269,89,Warning
2026-05-31 13:00:00,SRV-LNX-03,Linux,Log Aggregation,Atlanta DC-2,37,39,61,91,50,114,Warning
2026-05-31 13:00:00,SRV-WIN-01,Windows,Active Directory,Atlanta DC-1,45,60,35,101,324,76,Healthy
2026-05-31 13:00:00,SRV-WIN-02,Windows,File Services,Atlanta DC-2,19,65,93,75,295,84,Warning
2026-05-31 13:00:00,SRV-WIN-03,Windows,Patch Management,Atlanta DC-2,46,33,57,77,76,61,Healthy
2026-05-31 14:00:00,SRV-AIX-01,AIX,Core Banking Ops,Atlanta DC-1,40,42,84,67,385,64,Healthy
2026-05-31 14:00:00,SRV-AIX-02,AIX,Mainframe Integration,Atlanta DC-1,36,47,92,55,159,42,Warning
2026-05-31 14:00:00,SRV-LNX-01,Linux,Monitoring,Atlanta DC-1,25,47,82,99,307,60,Healthy
2026-05-31 14:00:00,SRV-LNX-02,Linux,API Gateway,Atlanta DC-1,94,45,61,192,56,27,Critical
2026-05-31 14:00:00,SRV-LNX-03,Linux,Log Aggregation,Atlanta DC-2,35,40,74,18,352,78,Healthy
2026-05-31 14:00:00,SRV-WIN-01,Windows,Active Directory,Atlanta DC-1,69,32,30,26,145,108,Warning
2026-05-31 14:00:00,SRV-WIN-02,Windows,File Services,Atlanta DC-2,25,29,39,106,179,66,Healthy
2026-05-31 14:00:00,SRV-WIN-03,Windows,Patch Management,Atlanta DC-2,63,75,60,85,104,50,Healthy
2026-05-31 15:00:00,SRV-AIX-01,AIX,Core Banking Ops,Atlanta DC-1,30,54,38,50,242,44,Healthy
2026-05-31 15:00:00,SRV-AIX-02,AIX,Mainframe Integration,Atlanta DC-1,68,95,49,89,367,63,Critical
2026-05-31 15:00:00,SRV-LNX-01,Linux,Monitoring,Atlanta DC-1,73,56,51,84,223,59,Healthy
2026-05-31 15:00:00,SRV-LNX-02,Linux,API Gateway,Atlanta DC-1,38,66,54,114,240,6,Healthy
2026-05-31 15:00:00,SRV-LNX-03,Linux,Log Aggregation,Atlanta DC-2,38,67,54,99,363,20,Healthy
2026-05-31 15:00:00,SRV-WIN-01,Windows,Active Directory,Atlanta DC-1,49,30,67,27,255,13,Healthy
2026-05-31 15:00:00,SRV-WIN-02,Windows,File Services,Atlanta DC-2,51,22,56,34,68,61,Healthy
2026-05-31 15:00:00,SRV-WIN-03,Windows,Patch Management,Atlanta DC-2,68,43,55,57,375,110,Warning
2026-05-31 16:00:00,SRV-AIX-01,AIX,Core Banking Ops,Atlanta DC-1,52,42,86,84,48,80,Warning
2026-05-31 16:00:00,SRV-AIX-02,AIX,Mainframe Integration,Atlanta DC-1,22,65,44,70,80,98,Warning
2026-05-31 16:00:00,SRV-LNX-01,Linux,Monitoring,Atlanta DC-1,58,28,74,18,53,42,Healthy
2026-05-31 16:00:00,SRV-LNX-02,Linux,API Gateway,Atlanta DC-1,91,45,45,167,379,102,Critical
2026-05-31 16:00:00,SRV-LNX-03,Linux,Log Aggregation,Atlanta DC-2,29,27,54,45,284,117,Warning
2026-05-31 16:00:00,SRV-WIN-01,Windows,Active Directory,Atlanta DC-1,55,51,59,16,268,116,Warning
2026-05-31 16:00:00,SRV-WIN-02,Windows,File Services,Atlanta DC-2,36,89,67,69,383,33,Warning
2026-05-31 16:00:00,SRV-WIN-03,Windows,Patch Management,Atlanta DC-2,47,34,84,45,225,74,Healthy
2026-05-31 17:00:00,SRV-AIX-01,AIX,Core Banking Ops,Atlanta DC-1,40,66,83,50,34,73,Healthy
2026-05-31 17:00:00,SRV-AIX-02,AIX,Mainframe Integration,Atlanta DC-1,73,69,88,78,176,100,Warning
2026-05-31 17:00:00,SRV-LNX-01,Linux,Monitoring,Atlanta DC-1,69,73,70,47,377,97,Warning
2026-05-31 17:00:00,SRV-LNX-02,Linux,API Gateway,Atlanta DC-1,64,65,70,95,360,6,Healthy
2026-05-31 17:00:00,SRV-LNX-03,Linux,Log Aggregation,Atlanta DC-2,37,24,76,52,197,96,Warning
2026-05-31 17:00:00,SRV-WIN-01,Windows,Active Directory,Atlanta DC-1,44,30,86,82,286,117,Warning
2026-05-31 17:00:00,SRV-WIN-02,Windows,File Services,Atlanta DC-2,35,38,60,52,412,112,Warning
2026-05-31 17:00:00,SRV-WIN-03,Windows,Patch Management,Atlanta DC-2,39,51,39,43,376,93,Warning
2026-05-31 18:00:00,SRV-AIX-01,AIX,Core Banking Ops,Atlanta DC-1,61,76,53,65,37,34,Healthy
2026-05-31 18:00:00,SRV-AIX-02,AIX,Mainframe Integration,Atlanta DC-1,52,45,73,63,356,48,Healthy
2026-05-31 18:00:00,SRV-LNX-01,Linux,Monitoring,Atlanta DC-1,24,92,50,43,361,9,Critical
2026-05-31 18:00:00,SRV-LNX-02,Linux,API Gateway,Atlanta DC-1,58,66,56,20,49,39,Healthy
2026-05-31 18:00:00,SRV-LNX-03,Linux,Log Aggregation,Atlanta DC-2,89,78,54,100,410,90,Warning
2026-05-31 18:00:00,SRV-WIN-01,Windows,Active Directory,Atlanta DC-1,52,69,86,27,280,79,Warning
2026-05-31 18:00:00,SRV-WIN-02,Windows,File Services,Atlanta DC-2,44,89,43,45,215,13,Warning
2026-05-31 18:00:00,SRV-WIN-03,Windows,Patch Management,Atlanta DC-2,61,63,55,30,262,12,Healthy
2026-05-31 19:00:00,SRV-AIX-01,AIX,Core Banking Ops,Atlanta DC-1,60,62,96,46,94,101,Critical
2026-05-31 19:00:00,SRV-AIX-02,AIX,Mainframe Integration,Atlanta DC-1,54,75,43,119,149,43,Healthy
2026-05-31 19:00:00,SRV-LNX-01,Linux,Monitoring,Atlanta DC-1,67,97,39,84,158,103,Critical
2026-05-31 19:00:00,SRV-LNX-02,Linux,API Gateway,Atlanta DC-1,99,23,52,125,331,42,Critical
2026-05-31 19:00:00,SRV-LNX-03,Linux,Log Aggregation,Atlanta DC-2,19,25,56,110,62,61,Healthy
2026-05-31 19:00:00,SRV-WIN-01,Windows,Active Directory,Atlanta DC-1,46,54,58,93,52,94,Warning
2026-05-31 19:00:00,SRV-WIN-02,Windows,File Services,Atlanta DC-2,68,64,59,18,61,62,Healthy
2026-05-31 19:00:00,SRV-WIN-03,Windows,Patch Management,Atlanta DC-2,72,65,75,24,71,42,Healthy
2026-05-31 20:00:00,SRV-AIX-01,AIX,Core Banking Ops,Atlanta DC-1,56,30,70,106,196,49,Healthy
2026-05-31 20:00:00,SRV-AIX-02,AIX,Mainframe Integration,Atlanta DC-1,56,51,57,104,88,110,Warning
2026-05-31 20:00:00,SRV-LNX-01,Linux,Monitoring,Atlanta DC-1,59,71,85,72,146,53,Warning
2026-05-31 20:00:00,SRV-LNX-02,Linux,API Gateway,Atlanta DC-1,39,47,36,55,370,33,Healthy
2026-05-31 20:00:00,SRV-LNX-03,Linux,Log Aggregation,Atlanta DC-2,41,65,34,25,77,56,Healthy
2026-05-31 20:00:00,SRV-WIN-01,Windows,Active Directory,Atlanta DC-1,24,45,99,86,198,86,Critical
2026-05-31 20:00:00,SRV-WIN-02,Windows,File Services,Atlanta DC-2,25,77,78,107,56,37,Healthy
2026-05-31 20:00:00,SRV-WIN-03,Windows,Patch Management,Atlanta DC-2,56,28,43,76,144,109,Warning
2026-05-31 21:00:00,SRV-AIX-01,AIX,Core Banking Ops,Atlanta DC-1,24,57,78,43,249,109,Warning
2026-05-31 21:00:00,SRV-AIX-02,AIX,Mainframe Integration,Atlanta DC-1,53,74,73,18,341,119,Warning
2026-05-31 21:00:00,SRV-LNX-01,Linux,Monitoring,Atlanta DC-1,60,88,74,58,209,1,Warning
2026-05-31 21:00:00,SRV-LNX-02,Linux,API Gateway,Atlanta DC-1,29,58,34,96,45,12,Healthy
2026-05-31 21:00:00,SRV-LNX-03,Linux,Log Aggregation,Atlanta DC-2,65,46,51,54,399,42,Healthy
2026-05-31 21:00:00,SRV-WIN-01,Windows,Active Directory,Atlanta DC-1,67,84,39,94,55,87,Warning
2026-05-31 21:00:00,SRV-WIN-02,Windows,File Services,Atlanta DC-2,23,64,68,49,140,97,Warning
2026-05-31 21:00:00,SRV-WIN-03,Windows,Patch Management,Atlanta DC-2,92,29,73,162,371,40,Critical
2026-05-31 22:00:00,SRV-AIX-01,AIX,Core Banking Ops,Atlanta DC-1,20,87,49,113,100,98,Warning
2026-05-31 22:00:00,SRV-AIX-02,AIX,Mainframe Integration,Atlanta DC-1,34,95,57,63,302,91,Critical
2026-05-31 22:00:00,SRV-LNX-01,Linux,Monitoring,Atlanta DC-1,32,75,91,70,39,59,Warning
2026-05-31 22:00:00,SRV-LNX-02,Linux,API Gateway,Atlanta DC-1,22,58,55,68,178,15,Healthy
2026-05-31 22:00:00,SRV-LNX-03,Linux,Log Aggregation,Atlanta DC-2,91,32,69,183,215,12,Critical
2026-05-31 22:00:00,SRV-WIN-01,Windows,Active Directory,Atlanta DC-1,45,37,55,65,188,96,Warning
2026-05-31 22:00:00,SRV-WIN-02,Windows,File Services,Atlanta DC-2,39,71,62,82,291,25,Healthy
2026-05-31 22:00:00,SRV-WIN-03,Windows,Patch Management,Atlanta DC-2,75,44,82,33,150,14,Healthy
2026-05-31 23:00:00,SRV-AIX-01,AIX,Core Banking Ops,Atlanta DC-1,27,33,78,24,120,99,Warning
2026-05-31 23:00:00,SRV-AIX-02,AIX,Mainframe Integration,Atlanta DC-1,58,70,67,87,359,82,Healthy
2026-05-31 23:00:00,SRV-LNX-01,Linux,Monitoring,Atlanta DC-1,57,62,98,95,185,102,Critical
2026-05-31 23:00:00,SRV-LNX-02,Linux,API Gateway,Atlanta DC-1,35,44,49,19,59,48,Healthy
2026-05-31 23:00:00,SRV-LNX-03,Linux,Log Aggregation,Atlanta DC-2,71,63,84,91,289,50,Healthy
2026-05-31 23:00:00,SRV-WIN-01,Windows,Active Directory,Atlanta DC-1,47,72,32,118,322,84,Healthy
2026-05-31 23:00:00,SRV-WIN-02,Windows,File Services,Atlanta DC-2,30,52,33,118,205,92,Warning
2026-05-31 23:00:00,SRV-WIN-03,Windows,Patch Management,Atlanta DC-2,23,95,58,82,297,79,Critical
2026-06-01 00:00:00,SRV-AIX-01,AIX,Core Banking Ops,Atlanta DC-1,28,40,79,91,56,102,Warning
2026-06-01 00:00:00,SRV-AIX-02,AIX,Mainframe Integration,Atlanta DC-1,58,26,65,51,159,93,Warning
2026-06-01 00:00:00,SRV-LNX-01,Linux,Monitoring,Atlanta DC-1,72,60,51,99,102,118,Warning
2026-06-01 00:00:00,SRV-LNX-02,Linux,API Gateway,Atlanta DC-1,40,63,55,105,73,40,Healthy
2026-06-01 00:00:00,SRV-LNX-03,Linux,Log Aggregation,Atlanta DC-2,53,72,38,109,380,117,Warning
2026-06-01 00:00:00,SRV-WIN-01,Windows,Active Directory,Atlanta DC-1,96,49,31,118,139,44,Critical
2026-06-01 00:00:00,SRV-WIN-02,Windows,File Services,Atlanta DC-2,67,36,92,79,306,107,Warning
2026-06-01 00:00:00,SRV-WIN-03,Windows,Patch Management,Atlanta DC-2,65,24,86,31,335,49,Warning
2026-06-01 01:00:00,SRV-AIX-01,AIX,Core Banking Ops,Atlanta DC-1,27,75,69,36,399,57,Healthy
2026-06-01 01:00:00,SRV-AIX-02,AIX,Mainframe Integration,Atlanta DC-1,20,65,58,111,413,101,Warning
2026-06-01 01:00:00,SRV-LNX-01,Linux,Monitoring,Atlanta DC-1,46,37,81,39,218,87,Healthy
2026-06-01 01:00:00,SRV-LNX-02,Linux,API Gateway,Atlanta DC-1,54,51,79,82,244,21,Healthy
2026-06-01 01:00:00,SRV-LNX-03,Linux,Log Aggregation,Atlanta DC-2,70,60,98,62,313,120,Critical
2026-06-01 01:00:00,SRV-WIN-01,Windows,Active Directory,Atlanta DC-1,24,55,48,35,169,58,Healthy
2026-06-01 01:00:00,SRV-WIN-02,Windows,File Services,Atlanta DC-2,75,75,88,72,208,120,Warning
2026-06-01 01:00:00,SRV-WIN-03,Windows,Patch Management,Atlanta DC-2,19,47,45,25,221,29,Healthy
2026-06-01 02:00:00,SRV-AIX-01,AIX,Core Banking Ops,Atlanta DC-1,19,28,71,33,100,5,Healthy
2026-06-01 02:00:00,SRV-AIX-02,AIX,Mainframe Integration,Atlanta DC-1,36,52,38,75,259,79,Healthy
2026-06-01 02:00:00,SRV-LNX-01,Linux,Monitoring,Atlanta DC-1,18,23,83,108,341,68,Healthy
2026-06-01 02:00:00,SRV-LNX-02,Linux,API Gateway,Atlanta DC-1,90,37,33,96,348,59,Critical
2026-06-01 02:00:00,SRV-LNX-03,Linux,Log Aggregation,Atlanta DC-2,93,60,70,125,397,19,Critical
2026-06-01 02:00:00,SRV-WIN-01,Windows,Active Directory,Atlanta DC-1,36,61,66,100,372,11,Healthy
2026-06-01 02:00:00,SRV-WIN-02,Windows,File Services,Atlanta DC-2,51,26,64,79,313,3,Healthy
2026-06-01 02:00:00,SRV-WIN-03,Windows,Patch Management,Atlanta DC-2,42,24,53,17,212,101,Warning
2026-06-01 03:00:00,SRV-AIX-01,AIX,Core Banking Ops,Atlanta DC-1,22,68,36,109,417,43,Healthy
2026-06-01 03:00:00,SRV-AIX-02,AIX,Mainframe Integration,Atlanta DC-1,94,43,41,182,267,90,Critical
2026-06-01 03:00:00,SRV-LNX-01,Linux,Monitoring,Atlanta DC-1,48,73,75,73,48,38,Healthy
2026-06-01 03:00:00,SRV-LNX-02,Linux,API Gateway,Atlanta DC-1,89,88,62,119,308,61,Warning
2026-06-01 03:00:00,SRV-LNX-03,Linux,Log Aggregation,Atlanta DC-2,96,34,85,178,199,35,Critical
2026-06-01 03:00:00,SRV-WIN-01,Windows,Active Directory,Atlanta DC-1,25,49,77,64,203,24,Healthy
2026-06-01 03:00:00,SRV-WIN-02,Windows,File Services,Atlanta DC-2,49,45,63,25,402,55,Healthy
2026-06-01 03:00:00,SRV-WIN-03,Windows,Patch Management,Atlanta DC-2,23,74,48,25,197,85,Healthy
2026-06-01 04:00:00,SRV-AIX-01,AIX,Core Banking Ops,Atlanta DC-1,36,60,40,59,258,6,Healthy
2026-06-01 04:00:00,SRV-AIX-02,AIX,Mainframe Integration,Atlanta DC-1,64,44,57,116,59,10,Healthy
2026-06-01 04:00:00,SRV-LNX-01,Linux,Monitoring,Atlanta DC-1,60,45,77,18,103,109,Warning
2026-06-01 04:00:00,SRV-LNX-02,Linux,API Gateway,Atlanta DC-1,56,85,45,61,215,50,Warning
2026-06-01 04:00:00,SRV-LNX-03,Linux,Log Aggregation,Atlanta DC-2,88,65,53,112,69,74,Warning
2026-06-01 04:00:00,SRV-WIN-01,Windows,Active Directory,Atlanta DC-1,26,47,47,29,43,95,Warning
2026-06-01 04:00:00,SRV-WIN-02,Windows,File Services,Atlanta DC-2,29,46,37,48,390,58,Healthy
2026-06-01 04:00:00,SRV-WIN-03,Windows,Patch Management,Atlanta DC-2,31,40,61,32,67,58,Healthy
2026-06-01 05:00:00,SRV-AIX-01,AIX,Core Banking Ops,Atlanta DC-1,29,50,81,55,371,45,Healthy
2026-06-01 05:00:00,SRV-AIX-02,AIX,Mainframe Integration,Atlanta DC-1,94,40,84,185,388,82,Critical
2026-06-01 05:00:00,SRV-LNX-01,Linux,Monitoring,Atlanta DC-1,29,54,42,45,282,4,Healthy
2026-06-01 05:00:00,SRV-LNX-02,Linux,API Gateway,Atlanta DC-1,41,45,65,26,63,40,Healthy
2026-06-01 05:00:00,SRV-LNX-03,Linux,Log Aggregation,Atlanta DC-2,43,68,56,120,324,10,Healthy
2026-06-01 05:00:00,SRV-WIN-01,Windows,Active Directory,Atlanta DC-1,26,91,73,31,312,82,Critical
2026-06-01 05:00:00,SRV-WIN-02,Windows,File Services,Atlanta DC-2,55,30,88,30,295,20,Warning
2026-06-01 05:00:00,SRV-WIN-03,Windows,Patch Management,Atlanta DC-2,37,42,44,81,175,109,Warning
2026-06-01 06:00:00,SRV-AIX-01,AIX,Core Banking Ops,Atlanta DC-1,23,62,47,53,344,69,Healthy
2026-06-01 06:00:00,SRV-AIX-02,AIX,Mainframe Integration,Atlanta DC-1,23,32,67,99,349,93,Warning
2026-06-01 06:00:00,SRV-LNX-01,Linux,Monitoring,Atlanta DC-1,75,75,32,18,71,6,Healthy
2026-06-01 06:00:00,SRV-LNX-02,Linux,API Gateway,Atlanta DC-1,59,38,79,94,357,4,Healthy
2026-06-01 06:00:00,SRV-LNX-03,Linux,Log Aggregation,Atlanta DC-2,49,56,49,118,380,52,Healthy
2026-06-01 06:00:00,SRV-WIN-01,Windows,Active Directory,Atlanta DC-1,37,91,56,41,204,78,Critical
2026-06-01 06:00:00,SRV-WIN-02,Windows,File Services,Atlanta DC-2,27,67,85,66,96,98,Warning
2026-06-01 06:00:00,SRV-WIN-03,Windows,Patch Management,Atlanta DC-2,41,28,59,72,156,19,Healthy
2026-06-01 07:00:00,SRV-AIX-01,AIX,Core Banking Ops,Atlanta DC-1,92,77,45,115,197,120,Critical
2026-06-01 07:00:00,SRV-AIX-02,AIX,Mainframe Integration,Atlanta DC-1,54,34,61,74,285,113,Warning
2026-06-01 07:00:00,SRV-LNX-01,Linux,Monitoring,Atlanta DC-1,37,27,62,45,140,75,Healthy
2026-06-01 07:00:00,SRV-LNX-02,Linux,API Gateway,Atlanta DC-1,90,53,83,75,176,69,Critical
2026-06-01 07:00:00,SRV-LNX-03,Linux,Log Aggregation,Atlanta DC-2,18,49,46,112,236,47,Healthy
2026-06-01 07:00:00,SRV-WIN-01,Windows,Active Directory,Atlanta DC-1,20,58,53,24,227,65,Healthy
2026-06-01 07:00:00,SRV-WIN-02,Windows,File Services,Atlanta DC-2,46,39,69,30,95,13,Healthy
2026-06-01 07:00:00,SRV-WIN-03,Windows,Patch Management,Atlanta DC-2,43,43,53,40,338,66,Healthy
2026-06-01 08:00:00,SRV-AIX-01,AIX,Core Banking Ops,Atlanta DC-1,43,95,51,81,263,20,Critical
2026-06-01 08:00:00,SRV-AIX-02,AIX,Mainframe Integration,Atlanta DC-1,56,30,69,65,345,95,Warning
2026-06-01 08:00:00,SRV-LNX-01,Linux,Monitoring,Atlanta DC-1,71,43,62,105,318,39,Healthy
2026-06-01 08:00:00,SRV-LNX-02,Linux,API Gateway,Atlanta DC-1,48,45,37,89,187,102,Warning
2026-06-01 08:00:00,SRV-LNX-03,Linux,Log Aggregation,Atlanta DC-2,75,66,68,98,326,74,Healthy
2026-06-01 08:00:00,SRV-WIN-01,Windows,Active Directory,Atlanta DC-1,32,59,63,94,224,19,Healthy
2026-06-01 08:00:00,SRV-WIN-02,Windows,File Services,Atlanta DC-2,70,24,74,17,255,41,Healthy
2026-06-01 08:00:00,SRV-WIN-03,Windows,Patch Management,Atlanta DC-2,44,66,62,75,406,94,Warning
2026-06-01 09:00:00,SRV-AIX-01,AIX,Core Banking Ops,Atlanta DC-1,21,55,50,76,299,49,Healthy
2026-06-01 09:00:00,SRV-AIX-02,AIX,Mainframe Integration,Atlanta DC-1,38,51,51,101,399,88,Healthy
2026-06-01 09:00:00,SRV-LNX-01,Linux,Monitoring,Atlanta DC-1,59,38,42,50,315,39,Healthy
2026-06-01 09:00:00,SRV-LNX-02,Linux,API Gateway,Atlanta DC-1,32,41,75,105,280,41,Healthy
2026-06-01 09:00:00,SRV-LNX-03,Linux,Log Aggregation,Atlanta DC-2,48,72,48,101,308,49,Healthy
2026-06-01 09:00:00,SRV-WIN-01,Windows,Active Directory,Atlanta DC-1,75,74,79,52,51,37,Healthy
2026-06-01 09:00:00,SRV-WIN-02,Windows,File Services,Atlanta DC-2,93,63,60,200,305,35,Critical
2026-06-01 09:00:00,SRV-WIN-03,Windows,Patch Management,Atlanta DC-2,53,30,77,46,55,86,Healthy
2026-06-01 10:00:00,SRV-AIX-01,AIX,Core Banking Ops,Atlanta DC-1,75,62,36,106,271,13,Healthy
2026-06-01 10:00:00,SRV-AIX-02,AIX,Mainframe Integration,Atlanta DC-1,61,22,40,75,274,84,Healthy
2026-06-01 10:00:00,SRV-LNX-01,Linux,Monitoring,Atlanta DC-1,30,40,92,98,323,30,Warning
2026-06-01 10:00:00,SRV-LNX-02,Linux,API Gateway,Atlanta DC-1,52,76,88,68,120,120,Warning
2026-06-01 10:00:00,SRV-LNX-03,Linux,Log Aggregation,Atlanta DC-2,20,47,41,52,49,2,Healthy
2026-06-01 10:00:00,SRV-WIN-01,Windows,Active Directory,Atlanta DC-1,37,28,51,97,308,68,Healthy
2026-06-01 10:00:00,SRV-WIN-02,Windows,File Services,Atlanta DC-2,49,30,59,118,87,43,Healthy
2026-06-01 10:00:00,SRV-WIN-03,Windows,Patch Management,Atlanta DC-2,28,63,96,116,181,73,Critical
2026-06-01 11:00:00,SRV-AIX-01,AIX,Core Banking Ops,Atlanta DC-1,61,33,70,120,248,66,Healthy
2026-06-01 11:00:00,SRV-AIX-02,AIX,Mainframe Integration,Atlanta DC-1,96,28,38,126,33,34,Critical
2026-06-01 11:00:00,SRV-LNX-01,Linux,Monitoring,Atlanta DC-1,42,70,51,107,323,2,Healthy
2026-06-01 11:00:00,SRV-LNX-02,Linux,API Gateway,Atlanta DC-1,34,66,72,54,111,52,Healthy
2026-06-01 11:00:00,SRV-LNX-03,Linux,Log Aggregation,Atlanta DC-2,61,78,49,96,181,48,Healthy
2026-06-01 11:00:00,SRV-WIN-01,Windows,Active Directory,Atlanta DC-1,57,30,59,92,221,54,Healthy
2026-06-01 11:00:00,SRV-WIN-02,Windows,File Services,Atlanta DC-2,62,52,81,42,420,32,Healthy
2026-06-01 11:00:00,SRV-WIN-03,Windows,Patch Management,Atlanta DC-2,61,77,63,105,215,10,Healthy
2026-06-01 12:00:00,SRV-AIX-01,AIX,Core Banking Ops,Atlanta DC-1,99,57,42,114,114,42,Critical
2026-06-01 12:00:00,SRV-AIX-02,AIX,Mainframe Integration,Atlanta DC-1,72,29,75,26,291,58,Healthy
2026-06-01 12:00:00,SRV-LNX-01,Linux,Monitoring,Atlanta DC-1,88,54,98,101,187,93,Critical
2026-06-01 12:00:00,SRV-LNX-02,Linux,API Gateway,Atlanta DC-1,19,87,97,59,388,9,Critical
2026-06-01 12:00:00,SRV-LNX-03,Linux,Log Aggregation,Atlanta DC-2,52,26,97,38,99,99,Critical
2026-06-01 12:00:00,SRV-WIN-01,Windows,Active Directory,Atlanta DC-1,59,63,53,63,259,112,Warning
2026-06-01 12:00:00,SRV-WIN-02,Windows,File Services,Atlanta DC-2,42,65,85,98,208,16,Warning
2026-06-01 12:00:00,SRV-WIN-03,Windows,Patch Management,Atlanta DC-2,29,47,76,15,417,3,Healthy
2026-06-01 13:00:00,SRV-AIX-01,AIX,Core Banking Ops,Atlanta DC-1,37,68,64,44,156,59,Healthy
2026-06-01 13:00:00,SRV-AIX-02,AIX,Mainframe Integration,Atlanta DC-1,40,34,76,19,368,54,Healthy
2026-06-01 13:00:00,SRV-LNX-01,Linux,Monitoring,Atlanta DC-1,57,78,45,27,334,5,Healthy
2026-06-01 13:00:00,SRV-LNX-02,Linux,API Gateway,Atlanta DC-1,46,67,45,66,254,30,Healthy
2026-06-01 13:00:00,SRV-LNX-03,Linux,Log Aggregation,Atlanta DC-2,52,77,38,52,149,105,Warning
2026-06-01 13:00:00,SRV-WIN-01,Windows,Active Directory,Atlanta DC-1,64,58,73,45,184,113,Warning
2026-06-01 13:00:00,SRV-WIN-02,Windows,File Services,Atlanta DC-2,27,55,49,86,332,113,Warning
2026-06-01 13:00:00,SRV-WIN-03,Windows,Patch Management,Atlanta DC-2,65,62,65,59,359,86,Healthy
2026-06-01 14:00:00,SRV-AIX-01,AIX,Core Banking Ops,Atlanta DC-1,42,42,56,63,124,97,Warning
2026-06-01 14:00:00,SRV-AIX-02,AIX,Mainframe Integration,Atlanta DC-1,52,76,84,118,267,118,Warning
2026-06-01 14:00:00,SRV-LNX-01,Linux,Monitoring,Atlanta DC-1,21,48,38,47,134,43,Healthy
2026-06-01 14:00:00,SRV-LNX-02,Linux,API Gateway,Atlanta DC-1,93,76,64,119,56,35,Critical
2026-06-01 14:00:00,SRV-LNX-03,Linux,Log Aggregation,Atlanta DC-2,42,85,42,90,400,86,Warning
2026-06-01 14:00:00,SRV-WIN-01,Windows,Active Directory,Atlanta DC-1,53,35,51,16,138,120,Warning
2026-06-01 14:00:00,SRV-WIN-02,Windows,File Services,Atlanta DC-2,30,29,78,46,386,78,Healthy
2026-06-01 14:00:00,SRV-WIN-03,Windows,Patch Management,Atlanta DC-2,63,37,79,74,303,84,Healthy
2026-06-01 15:00:00,SRV-AIX-01,AIX,Core Banking Ops,Atlanta DC-1,40,45,61,117,399,61,Healthy
2026-06-01 15:00:00,SRV-AIX-02,AIX,Mainframe Integration,Atlanta DC-1,66,35,94,109,104,3,Warning
2026-06-01 15:00:00,SRV-LNX-01,Linux,Monitoring,Atlanta DC-1,34,59,56,40,198,30,Healthy
2026-06-01 15:00:00,SRV-LNX-02,Linux,API Gateway,Atlanta DC-1,42,37,71,58,161,98,Warning
2026-06-01 15:00:00,SRV-LNX-03,Linux,Log Aggregation,Atlanta DC-2,70,68,61,108,210,22,Healthy
2026-06-01 15:00:00,SRV-WIN-01,Windows,Active Directory,Atlanta DC-1,26,53,86,97,60,68,Warning
2026-06-01 15:00:00,SRV-WIN-02,Windows,File Services,Atlanta DC-2,20,26,91,67,100,108,Warning
2026-06-01 15:00:00,SRV-WIN-03,Windows,Patch Management,Atlanta DC-2,58,67,43,62,60,80,Healthy
2026-06-01 16:00:00,SRV-AIX-01,AIX,Core Banking Ops,Atlanta DC-1,58,61,72,15,302,71,Healthy
2026-06-01 16:00:00,SRV-AIX-02,AIX,Mainframe Integration,Atlanta DC-1,94,68,97,198,121,14,Critical
2026-06-01 16:00:00,SRV-LNX-01,Linux,Monitoring,Atlanta DC-1,24,37,63,60,166,102,Warning
2026-06-01 16:00:00,SRV-LNX-02,Linux,API Gateway,Atlanta DC-1,92,51,74,182,71,84,Critical
2026-06-01 16:00:00,SRV-LNX-03,Linux,Log Aggregation,Atlanta DC-2,72,90,54,22,356,2,Critical
2026-06-01 16:00:00,SRV-WIN-01,Windows,Active Directory,Atlanta DC-1,62,53,71,87,78,115,Warning
2026-06-01 16:00:00,SRV-WIN-02,Windows,File Services,Atlanta DC-2,51,36,85,87,273,35,Warning
2026-06-01 16:00:00,SRV-WIN-03,Windows,Patch Management,Atlanta DC-2,20,65,87,99,46,23,Warning
2026-06-01 17:00:00,SRV-AIX-01,AIX,Core Banking Ops,Atlanta DC-1,72,35,78,120,233,119,Warning
2026-06-01 17:00:00,SRV-AIX-02,AIX,Mainframe Integration,Atlanta DC-1,22,58,83,101,306,43,Healthy
2026-06-01 17:00:00,SRV-LNX-01,Linux,Monitoring,Atlanta DC-1,42,30,74,79,411,45,Healthy
2026-06-01 17:00:00,SRV-LNX-02,Linux,API Gateway,Atlanta DC-1,89,93,79,91,233,100,Critical
2026-06-01 17:00:00,SRV-LNX-03,Linux,Log Aggregation,Atlanta DC-2,90,72,61,85,222,56,Critical
2026-06-01 17:00:00,SRV-WIN-01,Windows,Active Directory,Atlanta DC-1,29,64,79,117,156,92,Warning
2026-06-01 17:00:00,SRV-WIN-02,Windows,File Services,Atlanta DC-2,88,46,70,64,192,47,Warning
2026-06-01 17:00:00,SRV-WIN-03,Windows,Patch Management,Atlanta DC-2,90,50,47,26,125,56,Critical
2026-06-01 18:00:00,SRV-AIX-01,AIX,Core Banking Ops,Atlanta DC-1,46,54,31,85,77,77,Healthy
2026-06-01 18:00:00,SRV-AIX-02,AIX,Mainframe Integration,Atlanta DC-1,56,77,48,114,73,93,Warning
2026-06-01 18:00:00,SRV-LNX-01,Linux,Monitoring,Atlanta DC-1,75,37,40,36,101,35,Healthy
2026-06-01 18:00:00,SRV-LNX-02,Linux,API Gateway,Atlanta DC-1,37,90,47,76,69,47,Critical
2026-06-01 18:00:00,SRV-LNX-03,Linux,Log Aggregation,Atlanta DC-2,34,68,68,73,84,18,Healthy
2026-06-01 18:00:00,SRV-WIN-01,Windows,Active Directory,Atlanta DC-1,92,43,54,137,255,43,Critical
2026-06-01 18:00:00,SRV-WIN-02,Windows,File Services,Atlanta DC-2,45,77,68,56,338,89,Healthy
2026-06-01 18:00:00,SRV-WIN-03,Windows,Patch Management,Atlanta DC-2,30,33,50,103,354,63,Healthy
2026-06-01 19:00:00,SRV-AIX-01,AIX,Core Banking Ops,Atlanta DC-1,54,42,82,61,88,120,Warning
2026-06-01 19:00:00,SRV-AIX-02,AIX,Mainframe Integration,Atlanta DC-1,54,56,79,108,266,91,Warning
2026-06-01 19:00:00,SRV-LNX-01,Linux,Monitoring,Atlanta DC-1,31,40,34,116,239,87,Healthy
2026-06-01 19:00:00,SRV-LNX-02,Linux,API Gateway,Atlanta DC-1,49,41,72,69,223,10,Healthy
2026-06-01 19:00:00,SRV-LNX-03,Linux,Log Aggregation,Atlanta DC-2,46,52,64,103,244,70,Healthy
2026-06-01 19:00:00,SRV-WIN-01,Windows,Active Directory,Atlanta DC-1,20,45,81,96,73,14,Healthy
2026-06-01 19:00:00,SRV-WIN-02,Windows,File Services,Atlanta DC-2,67,64,71,87,360,87,Healthy
2026-06-01 19:00:00,SRV-WIN-03,Windows,Patch Management,Atlanta DC-2,59,70,80,16,80,34,Healthy
2026-06-01 20:00:00,SRV-AIX-01,AIX,Core Banking Ops,Atlanta DC-1,32,55,74,72,221,51,Healthy
2026-06-01 20:00:00,SRV-AIX-02,AIX,Mainframe Integration,Atlanta DC-1,47,59,39,18,277,14,Healthy
2026-06-01 20:00:00,SRV-LNX-01,Linux,Monitoring,Atlanta DC-1,36,27,76,54,205,59,Healthy
2026-06-01 20:00:00,SRV-LNX-02,Linux,API Gateway,Atlanta DC-1,68,52,36,104,261,41,Healthy
2026-06-01 20:00:00,SRV-LNX-03,Linux,Log Aggregation,Atlanta DC-2,22,73,31,97,85,87,Healthy
2026-06-01 20:00:00,SRV-WIN-01,Windows,Active Directory,Atlanta DC-1,69,69,41,57,316,55,Healthy
2026-06-01 20:00:00,SRV-WIN-02,Windows,File Services,Atlanta DC-2,47,47,41,70,232,4,Healthy
2026-06-01 20:00:00,SRV-WIN-03,Windows,Patch Management,Atlanta DC-2,65,34,57,105,139,27,Healthy
2026-06-01 21:00:00,SRV-AIX-01,AIX,Core Banking Ops,Atlanta DC-1,35,73,66,83,125,47,Healthy
2026-06-01 21:00:00,SRV-AIX-02,AIX,Mainframe Integration,Atlanta DC-1,38,29,85,96,190,77,Warning
2026-06-01 21:00:00,SRV-LNX-01,Linux,Monitoring,Atlanta DC-1,42,59,52,94,118,105,Warning
2026-06-01 21:00:00,SRV-LNX-02,Linux,API Gateway,Atlanta DC-1,61,41,67,32,190,16,Healthy
2026-06-01 21:00:00,SRV-LNX-03,Linux,Log Aggregation,Atlanta DC-2,33,33,39,68,335,18,Healthy
2026-06-01 21:00:00,SRV-WIN-01,Windows,Active Directory,Atlanta DC-1,54,33,64,97,118,72,Healthy
2026-06-01 21:00:00,SRV-WIN-02,Windows,File Services,Atlanta DC-2,28,30,83,21,213,2,Healthy
2026-06-01 21:00:00,SRV-WIN-03,Windows,Patch Management,Atlanta DC-2,49,74,65,78,239,88,Healthy
2026-06-01 22:00:00,SRV-AIX-01,AIX,Core Banking Ops,Atlanta DC-1,49,75,40,18,419,29,Healthy
2026-06-01 22:00:00,SRV-AIX-02,AIX,Mainframe Integration,Atlanta DC-1,89,56,79,110,283,71,Warning
2026-06-01 22:00:00,SRV-LNX-01,Linux,Monitoring,Atlanta DC-1,87,39,82,84,417,6,Warning
2026-06-01 22:00:00,SRV-LNX-02,Linux,API Gateway,Atlanta DC-1,66,56,57,98,414,32,Healthy
2026-06-01 22:00:00,SRV-LNX-03,Linux,Log Aggregation,Atlanta DC-2,37,24,52,26,254,111,Warning
2026-06-01 22:00:00,SRV-WIN-01,Windows,Active Directory,Atlanta DC-1,25,37,77,59,393,79,Healthy
2026-06-01 22:00:00,SRV-WIN-02,Windows,File Services,Atlanta DC-2,58,61,43,118,60,73,Healthy
2026-06-01 22:00:00,SRV-WIN-03,Windows,Patch Management,Atlanta DC-2,40,60,50,52,178,74,Healthy
2026-06-01 23:00:00,SRV-AIX-01,AIX,Core Banking Ops,Atlanta DC-1,35,54,73,32,414,101,Warning
2026-06-01 23:00:00,SRV-AIX-02,AIX,Mainframe Integration,Atlanta DC-1,44,39,38,31,157,19,Healthy
2026-06-01 23:00:00,SRV-LNX-01,Linux,Monitoring,Atlanta DC-1,63,37,73,33,325,81,Healthy
2026-06-01 23:00:00,SRV-LNX-02,Linux,API Gateway,Atlanta DC-1,35,46,70,113,77,52,Healthy
2026-06-01 23:00:00,SRV-LNX-03,Linux,Log Aggregation,Atlanta DC-2,50,66,53,77,197,75,Healthy
2026-06-01 23:00:00,SRV-WIN-01,Windows,Active Directory,Atlanta DC-1,18,76,76,96,370,90,Healthy
2026-06-01 23:00:00,SRV-WIN-02,Windows,File Services,Atlanta DC-2,40,72,43,120,138,64,Healthy
2026-06-01 23:00:00,SRV-WIN-03,Windows,Patch Management,Atlanta DC-2,35,40,66,77,205,115,Warning
